LOCATION,TIME,Value
AUS,1960,2409.058207
AUS,1961,2379.705491
AUS,1962,2573.580478
AUS,1963,2748.475664
AUS,1964,2898.335391
AUS,1965,2997.714205
AUS,1966,3270.894847
AUS,1967,3442.171342
AUS,1968,3827.600452
AUS,1969,4201.74299
AUS,1970,4638.888936
AUS,1971,4849.919426
AUS,1972,5195.435143
AUS,1973,5779.516501
AUS,1974,6228.471482
AUS,1975,6919.657558
AUS,1976,7376.230734
AUS,1977,7706.213573
AUS,1978,8529.813526
AUS,1979,9429.932785
AUS,1980,10448.46518
AUS,1981,11922.77926
AUS,1982,11957.27114
AUS,1983,12739.97025
AUS,1984,13563.24343
AUS,1985,14468.52587
AUS,1986,14952.07856
AUS,1987,16010.94334
AUS,1988,17079.29336
AUS,1989,17782.18755
AUS,1990,17786.97831
AUS,1991,18126.138
AUS,1992,19094.49678
AUS,1993,20118.48044
AUS,1994,21349.56528
AUS,1995,22353.99456
AUS,1996,23220.09089
AUS,1997,24403.02172
AUS,1998,25630.46874
AUS,1999,27098.22128
AUS,2000,28252.62989
AUS,2001,29493.21486
AUS,2002,30740.9629
AUS,2003,32248.25584
AUS,2004,33865.90651
AUS,2005,35570.80802
AUS,2006,37842.93398
AUS,2007,39596.04008
AUS,2008,40094.83321
AUS,2009,41614.09072
AUS,2010,42787.06596
AUS,2011,44419.30975
AUS,2012,43879.18036
AUS,2013,47761.21406
AUS,2014,47644.76279
AUS,2015,47317.2507
AUS,2016,50237.79443
AUS,2017,51011.46292
AUS,2018,54262.88285
AUS,2019,54262.61756
AUT,1970,3820.28559
AUT,1971,4200.05549
AUT,1972,4627.093401
AUT,1973,5090.842355
AUT,1974,5757.920938
AUT,1975,6285.003672
AUT,1976,6946.30262
AUT,1977,7749.721586
AUT,1978,8284.054924
AUT,1979,9468.043277
AUT,1980,10502.03026
AUT,1981,11449.92693
AUT,1982,12392.95259
AUT,1983,13282.68877
AUT,1984,13769.81382
AUT,1985,14553.38822
AUT,1986,15178.50326
AUT,1987,15754.9083
AUT,1988,16824.39702
AUT,1989,18081.94227
AUT,1990,19425.41078
AUT,1991,20567.1153
AUT,1992,21241.15017
AUT,1993,21679.45288
AUT,1994,22587.17634
AUT,1995,23639.8277
AUT,1996,24500.22105
AUT,1997,25417.86248
AUT,1998,26673.95101
AUT,1999,27606.48424
AUT,2000,29388.78496
AUT,2001,29715.63602
AUT,2002,31178.05144
AUT,2003,32123.69619
AUT,2004,33756.25941
AUT,2005,35024.55748
AUT,2006,37614.94276
AUT,2007,39384.18962
AUT,2008,41316.02264
AUT,2009,40957.26232
AUT,2010,42053.24337
AUT,2011,44469.20964
AUT,2012,46477.65508
AUT,2013,47936.67796
AUT,2014,48813.53441
AUT,2015,49942.05629
AUT,2016,52665.08746
AUT,2017,54358.36187
AUT,2018,58869.52762
AUT,2019,60414.13482
BEL,1970,3866.806792
BEL,1971,4200.047564
BEL,1972,4594.787001
BEL,1973,5127.98235
BEL,1974,5806.281634
BEL,1975,6242.653992
BEL,1976,6947.165316
BEL,1977,7416.703509
BEL,1978,8157.33979
BEL,1979,9034.499692
BEL,1980,10281.39477
BEL,1981,11214.83531
BEL,1982,11968.84502
BEL,1983,12470.1009
BEL,1984,13237.29983
BEL,1985,13878.67338
BEL,1986,14413.32081
BEL,1987,15093.53504
BEL,1988,16307.81944
BEL,1989,17471.55873
BEL,1990,18641.73796
BEL,1991,19550.89687
BEL,1992,20219.66959
BEL,1993,20420.36796
BEL,1994,21465.60299
BEL,1995,22391.85294
BEL,1996,22687.96773
BEL,1997,23724.57661
BEL,1998,24367.9494
BEL,1999,25441.89139
BEL,2000,27797.3333
BEL,2001,28799.32751
BEL,2002,30281.66799
BEL,2003,30901.38272
BEL,2004,32036.93551
BEL,2005,33176.68088
BEL,2006,35211.89373
BEL,2007,36745.50307
BEL,2008,37883.23342
BEL,2009,37779.03488
BEL,2010,39868.99266
BEL,2011,40943.34348
BEL,2012,42290.47767
BEL,2013,43672.71229
BEL,2014,44929.93333
BEL,2015,46201.68589
BEL,2016,48599.20268
BEL,2017,50597.31366
BEL,2018,54330.5391
BEL,2019,56343.84189
CAN,1970,4589.396803
CAN,1971,4949.149039
CAN,1972,5384.686758
CAN,1973,5994.278172
CAN,1974,6654.461387
CAN,1975,7270.201971
CAN,1976,8015.058731
CAN,1977,8703.305805
CAN,1978,9562.948312
CAN,1979,10634.91253
CAN,1980,11693.73635
CAN,1981,13082.55547
CAN,1982,13289.05397
CAN,1983,14029.42252
CAN,1984,15249.74726
CAN,1985,16327.42117
CAN,1986,16845.22681
CAN,1987,17729.53463
CAN,1988,18917.51941
CAN,1989,19756.9713
CAN,1990,20223.08758
CAN,1991,20218.01579
CAN,1992,20619.41133
CAN,1993,21432.76516
CAN,1994,22625.12817
CAN,1995,23477.63429
CAN,1996,24041.98943
CAN,1997,25251.11685
CAN,1998,26310.95696
CAN,1999,27841.62958
CAN,2000,29363.14712
CAN,2001,30214.301
CAN,2002,30963.22201
CAN,2003,32333.60816
CAN,2004,33911.21829
CAN,2005,36327.66206
CAN,2006,38107.13624
CAN,2007,39555.5237
CAN,2008,40376.33017
CAN,2009,38893.72746
CAN,2010,40114.22204
CAN,2011,41666.71885
CAN,2012,42290.87908
CAN,2013,44298.51446
CAN,2014,45753.78294
CAN,2015,44670.05437
CAN,2016,46472.36877
CAN,2017,48479.82359
CAN,2018,51106.8957
CAN,2019,51822.19496
CZE,1990,12736.72624
CZE,1991,11699.08849
CZE,1992,11894.55986
CZE,1993,12168.8168
CZE,1994,12783.3815
CZE,1995,13821.25376
CZE,1996,14653.46098
CZE,1997,14820.19833
CZE,1998,14976.28712
CZE,1999,15397.92282
CZE,2000,16214.96755
CZE,2001,17615.59502
CZE,2002,18245.66901
CZE,2003,19503.29371
CZE,2004,20894.60712
CZE,2005,22045.99888
CZE,2006,23827.14738
CZE,2007,26189.79839
CZE,2008,27853.5499
CZE,2009,27656.01513
CZE,2010,27789.60838
CZE,2011,28999.75476
CZE,2012,29258.90485
CZE,2013,30828.52641
CZE,2014,32504.21758
CZE,2015,33909.30924
CZE,2016,36101.2856
CZE,2017,38966.92957
CZE,2018,42439.1319
CZE,2019,44297.51567
DNK,1966,3478.770665
DNK,1967,3688.28276
DNK,1968,4005.784471
DNK,1969,4487.21877
DNK,1970,4238.136704
DNK,1971,4563.681387
DNK,1972,4919.290322
DNK,1973,5368.973446
DNK,1974,5760.046708
DNK,1975,6183.518112
DNK,1976,6892.623369
DNK,1977,7434.361058
DNK,1978,8108.94047
DNK,1979,9098.311309
DNK,1980,9860.692028
DNK,1981,10726.0153
DNK,1982,11817.54583
DNK,1983,12609.07518
DNK,1984,13616.22576
DNK,1985,14603.51743
DNK,1986,15606.85614
DNK,1987,16011.50789
DNK,1988,16564.35662
DNK,1989,17318.04487
DNK,1990,18202.98875
DNK,1991,19029.00105
DNK,1992,19778.30333
DNK,1993,20178.82914
DNK,1994,21637.84026
DNK,1995,22655.94462
DNK,1996,23687.82746
DNK,1997,24919.6757
DNK,1998,25818.94677
DNK,1999,26657.82737
DNK,2000,28679.27072
DNK,2001,29459.84574
DNK,2002,30639.95369
DNK,2003,30791.90346
DNK,2004,32920.67692
DNK,2005,34152.88166
DNK,2006,37286.31986
DNK,2007,38969.11972
DNK,2008,41282.99547
DNK,2009,40361.79068
DNK,2010,43041.19236
DNK,2011,44407.94207
DNK,2012,44808.54921
DNK,2013,46742.93966
DNK,2014,47905.47708
DNK,2015,49058.14234
DNK,2016,51967.02044
DNK,2017,55533.2547
DNK,2018,59272.49026
DNK,2019,62106.49406
FIN,1970,3375.056699
FIN,1971,3625.001183
FIN,1972,4049.648616
FIN,1973,4544.41878
FIN,1974,5086.4214
FIN,1975,5633.367353
FIN,1976,5945.814799
FIN,1977,6312.742249
FIN,1978,6934.147895
FIN,1979,8023.666129
FIN,1980,9191.354685
FIN,1981,10149.9141
FIN,1982,11050.03068
FIN,1983,11770.23537
FIN,1984,12522.65296
FIN,1985,13321.47793
FIN,1986,13918.81369
FIN,1987,14731.19736
FIN,1988,15999.77628
FIN,1989,17409.86081
FIN,1990,18102.41088
FIN,1991,17517.08372
FIN,1992,17228.75302
FIN,1993,17435.81651
FIN,1994,18434.19909
FIN,1995,19539.49681
FIN,1996,20038.36576
FIN,1997,21787.05073
FIN,1998,23575.98548
FIN,1999,24767.16397
FIN,2000,26796.41042
FIN,2001,27807.75313
FIN,2002,28605.12292
FIN,2003,29021.63568
FIN,2004,31175.72771
FIN,2005,32051.76289
FIN,2006,34408.81758
FIN,2007,37792.55669
FIN,2008,40083.70194
FIN,2009,38000.01877
FIN,2010,38985.87199
FIN,2011,40916.64733
FIN,2012,40872.8548
FIN,2013,41492.91842
FIN,2014,41749.86473
FIN,2015,42490.21105
FIN,2016,44934.48825
FIN,2017,47644.5684
FIN,2018,51312.03215
FIN,2019,53159.22835
FRA,1960,1807.175059
FRA,1961,1892.960772
FRA,1962,2036.181205
FRA,1963,2138.997489
FRA,1964,2294.496424
FRA,1965,2456.145844
FRA,1966,2654.479048
FRA,1967,2838.087508
FRA,1968,3090.801782
FRA,1969,3480.062658
FRA,1970,3684.679376
FRA,1971,4038.808157
FRA,1972,4364.526657
FRA,1973,4856.677587
FRA,1974,5485.49708
FRA,1975,5908.549939
FRA,1976,6479.238738
FRA,1977,7088.023637
FRA,1978,7853.91076
FRA,1979,8769.10167
FRA,1980,9662.157878
FRA,1981,10629.15501
FRA,1982,11499.15621
FRA,1983,12032.71235
FRA,1984,12594.02836
FRA,1985,13137.43499
FRA,1986,13645.41429
FRA,1987,14263.38472
FRA,1988,15378.02326
FRA,1989,16576.07541
FRA,1990,17602.77512
FRA,1991,18297.09381
FRA,1992,18919.33564
FRA,1993,19162.45698
FRA,1994,19958.91094
FRA,1995,20731.55977
FRA,1996,21310.20195
FRA,1997,22239.64007
FRA,1998,23362.48815
FRA,1999,24311.40386
FRA,2000,26106.0529
FRA,2001,27506.15675
FRA,2002,28528.15611
FRA,2003,28148.11565
FRA,2004,29040.96529
FRA,2005,30504.05878
FRA,2006,32431.43563
FRA,2007,34086.9568
FRA,2008,35102.87043
FRA,2009,34711.65571
FRA,2010,35939.45584
FRA,2011,37447.94954
FRA,2012,37684.19807
FRA,2013,39528.47364
FRA,2014,40144.05949
FRA,2015,40829.89331
FRA,2016,42855.94456
FRA,2017,44622.75826
FRA,2018,47922.18851
FRA,2019,50693.4994
DEU,1970,4035.424785
DEU,1971,4337.314552
DEU,1972,4697.205106
DEU,1973,5175.466439
DEU,1974,5689.743625
DEU,1975,6186.378789
DEU,1976,6881.53109
DEU,1977,7568.446016
DEU,1978,8353.37988
DEU,1979,9419.231571
DEU,1980,10388.29373
DEU,1981,11414.66997
DEU,1982,12084.83009
DEU,1983,12790.40949
DEU,1984,13674.25444
DEU,1985,14468.17266
DEU,1986,15092.8722
DEU,1987,15677.24971
DEU,1988,16746.40442
DEU,1989,17951.87888
DEU,1990,19432.87768
DEU,1991,20955.50004
DEU,1992,21702.21937
DEU,1993,21878.17178
DEU,1994,22823.15707
DEU,1995,23614.67995
DEU,1996,24151.66534
DEU,1997,24722.26844
DEU,1998,25531.12268
DEU,1999,26510.2287
DEU,2000,27462.90882
DEU,2001,28670.79061
DEU,2002,29504.28924
DEU,2003,30238.26926
DEU,2004,31715.39252
DEU,2005,32236.74099
DEU,2006,34620.41359
DEU,2007,36813.71345
DEU,2008,38432.44821
DEU,2009,37492.64945
DEU,2010,39707.32995
DEU,2011,42541.51313
DEU,2012,43359.54105
DEU,2013,44993.66784
DEU,2014,47011.2804
DEU,2015,47609.55716
DEU,2016,50579.48372
DEU,2017,53121.98718
DEU,2018,56688.96969
DEU,2019,57557.86675
GRC,1970,3091.490963
GRC,1971,3487.851612
GRC,1972,3982.158372
GRC,1973,4519.942845
GRC,1974,4592.499379
GRC,1975,5287.829529
GRC,1976,5882.406538
GRC,1977,6334.247474
GRC,1978,7176.969517
GRC,1979,7928.333122
GRC,1980,8617.333021
GRC,1981,9204.0627
GRC,1982,9601.773052
GRC,1983,9813.07935
GRC,1984,10320.21834
GRC,1985,10871.97704
GRC,1986,11111.50589
GRC,1987,11091.18856
GRC,1988,11931.84866
GRC,1989,12803.21539
GRC,1990,13189.5763
GRC,1991,13940.31282
GRC,1992,14253.47542
GRC,1993,14278.98541
GRC,1994,14808.39154
GRC,1995,15395.28708
GRC,1996,16110.16333
GRC,1997,17149.86169
GRC,1998,18032.97737
GRC,1999,18464.72645
GRC,2000,19524.70304
GRC,2001,20963.82207
GRC,2002,22615.95744
GRC,2003,23871.92182
GRC,2004,25439.31884
GRC,2005,25577.44544
GRC,2006,28510.87795
GRC,2007,29284.61282
GRC,2008,30855.93577
GRC,2009,30381.48202
GRC,2010,27934.31713
GRC,2011,25671.29122
GRC,2012,24912.13066
GRC,2013,25947.87063
GRC,2014,26642.23196
GRC,2015,26720.90877
GRC,2016,27471.21821
GRC,2017,28736.44645
GRC,2018,30617.58478
GRC,2019,31780.75103
HUN,1991,8327.183804
HUN,1992,8273.5709
HUN,1993,8445.342071
HUN,1994,8908.45228
HUN,1995,9169.985152
HUN,1996,9329.287509
HUN,1997,9821.418274
HUN,1998,10397.68137
HUN,1999,10873.24787
HUN,2000,11858.33441
HUN,2001,13213.6356
HUN,2002,14526.38825
HUN,2003,15465.36535
HUN,2004,16230.26062
HUN,2005,17073.55144
HUN,2006,18337.20522
HUN,2007,19041.0879
HUN,2008,20696.72857
HUN,2009,20689.0467
HUN,2010,21716.65084
HUN,2011,22999.83061
HUN,2012,23206.25512
HUN,2013,24498.65869
HUN,2014,25642.55676
HUN,2015,26777.47046
HUN,2016,27911.66473
HUN,2017,29559.21447
HUN,2018,32834.03935
HUN,2019,34962.13613
ISL,1970,3853.293613
ISL,1971,4533.303201
ISL,1972,4945.016822
ISL,1973,5489.98602
ISL,1974,6238.516077
ISL,1975,6775.23363
ISL,1976,7501.748581
ISL,1977,8604.754009
ISL,1978,9687.10583
ISL,1979,10895.35979
ISL,1980,12429.57097
ISL,1981,14023.57395
ISL,1982,15003.17097
ISL,1983,15059.52253
ISL,1984,16080.40825
ISL,1985,16999.96903
ISL,1986,18292.93489
ISL,1987,20119.4412
ISL,1988,20483.74407
ISL,1989,21100.20784
ISL,1990,21968.54588
ISL,1991,22381.62178
ISL,1992,21853.50188
ISL,1993,22434.8334
ISL,1994,23542.43135
ISL,1995,23938.64804
ISL,1996,24756.56284
ISL,1997,26926.51666
ISL,1998,28713.41475
ISL,1999,29542.46734
ISL,2000,29719.88803
ISL,2001,31760.90456
ISL,2002,32515.31575
ISL,2003,32646.79714
ISL,2004,35546.98934
ISL,2005,37338.14056
ISL,2006,39015.68597
ISL,2007,41171.97091
ISL,2008,43049.00303
ISL,2009,41835.53516
ISL,2010,39615.46549
ISL,2011,40769.02479
ISL,2012,41928.43345
ISL,2013,44152.64279
ISL,2014,45712.83768
ISL,2015,48843.45581
ISL,2016,53036.96251
ISL,2017,55259.51813
ISL,2018,58952.71784
ISL,2019,60341.94603
IRL,1970,2453.058813
IRL,1971,2641.766856
IRL,1972,2890.177732
IRL,1973,3141.58606
IRL,1974,3511.886382
IRL,1975,3986.600517
IRL,1976,4197.285413
IRL,1977,4759.271788
IRL,1978,5390.926381
IRL,1979,5921.11742
IRL,1980,6590.203282
IRL,1981,7362.729366
IRL,1982,7911.111663
IRL,1983,8142.393796
IRL,1984,8743.619021
IRL,1985,9266.946366
IRL,1986,9410.422868
IRL,1987,10089.91266
IRL,1988,11028.18206
IRL,1989,12199.38345
IRL,1990,13743.23705
IRL,1991,14400.01763
IRL,1992,15096.42208
IRL,1993,15785.84833
IRL,1994,16993.886
IRL,1995,18940.99886
IRL,1996,20493.86611
IRL,1997,22679.58192
IRL,1998,25059.96428
IRL,1999,27006.15693
IRL,2000,30199.65311
IRL,2001,32580.73367
IRL,2002,35212.04056
IRL,2003,36230.74366
IRL,2004,38711.71049
IRL,2005,40447.50723
IRL,2006,44211.6599
IRL,2007,46717.76994
IRL,2008,44184.551
IRL,2009,41532.21297
IRL,2010,43320.05059
IRL,2011,44902.99688
IRL,2012,46274.52425
IRL,2013,47924.38829
IRL,2014,51212.50006
IRL,2015,69133.71061
IRL,2016,71793.28575
IRL,2017,78990.82586
IRL,2018,87710.31886
IRL,2019,92232.23353
ITA,1970,3623.403574
ITA,1971,3858.260055
ITA,1972,4149.964378
ITA,1973,4657.605511
ITA,1974,5321.018244
ITA,1975,5658.471873
ITA,1976,6363.428215
ITA,1977,6902.497779
ITA,1978,7600.265062
ITA,1979,8696.135931
ITA,1980,9786.690856
ITA,1981,10788.55949
ITA,1982,11495.7233
ITA,1983,12081.25623
ITA,1984,12918.01985
ITA,1985,13695.46319
ITA,1986,14370.06297
ITA,1987,15193.85937
ITA,1988,16381.6507
ITA,1989,17587.50155
ITA,1990,18592.63182
ITA,1991,19497.74641
ITA,1992,20100.80685
ITA,1993,20389.1124
ITA,1994,21268.09571
ITA,1995,22340.54747
ITA,1996,23002.26587
ITA,1997,23867.50813
ITA,1998,25020.08757
ITA,1999,25602.38648
ITA,2000,27084.20209
ITA,2001,28043.04706
ITA,2002,28716.19717
ITA,2003,29116.35032
ITA,2004,29448.8026
ITA,2005,30016.1557
ITA,2006,32252.42449
ITA,2007,33897.27845
ITA,2008,35274.31272
ITA,2009,34347.69748
ITA,2010,34860.57804
ITA,2011,36183.31603
ITA,2012,36002.9087
ITA,2013,36067.70734
ITA,2014,36194.91667
ITA,2015,36899.3964
ITA,2016,39926.96617
ITA,2017,41713.90834
ITA,2018,44444.72835
ITA,2019,45691.0223
JPN,1970,3283.240226
JPN,1971,3576.25832
JPN,1972,3990.2751
JPN,1973,4443.245631
JPN,1974,4718.602008
JPN,1975,5250.24193
JPN,1976,5695.524956
JPN,1977,6253.444916
JPN,1978,6982.402592
JPN,1979,7910.311273
JPN,1980,8798.015994
JPN,1981,9964.208841
JPN,1982,10854.22891
JPN,1983,11597.81284
JPN,1984,12476.93244
JPN,1985,13461.87184
JPN,1986,14118.54705
JPN,1987,15080.27262
JPN,1988,16602.78592
JPN,1989,18024.31314
JPN,1990,19549.49146
JPN,1991,20818.77757
JPN,1992,21393.46709
JPN,1993,21722.2167
JPN,1994,22374.51321
JPN,1995,23410.19989
JPN,1996,24524.08679
JPN,1997,25155.37997
JPN,1998,25084.17868
JPN,1999,25334.51015
JPN,2000,26841.23075
JPN,2001,27476.22073
JPN,2002,28170.05438
JPN,2003,28943.71835
JPN,2004,30354.45668
JPN,2005,31667.91436
JPN,2006,33094.33783
JPN,2007,34507.17022
JPN,2008,34803.65781
JPN,2009,33201.9871
JPN,2010,34994.37223
JPN,2011,35775.25633
JPN,2012,37213.8374
JPN,2013,39008.36056
JPN,2014,39183.46568
JPN,2015,40398.4029
JPN,2016,39983.64366
JPN,2017,41119.38073
JPN,2018,42840.18796
JPN,2019,43642.65958
KOR,1970,600.311053
KOR,1971,683.643655
KOR,1972,750.453194
KOR,1973,893.560452
KOR,1974,1048.5027
KOR,1975,1214.812474
KOR,1976,1428.131471
KOR,1977,1677.639748
KOR,1978,1962.301031
KOR,1979,2274.614767
KOR,1980,2401.517486
KOR,1981,2775.627159
KOR,1982,3143.886982
KOR,1983,3649.828067
KOR,1984,4129.196761
KOR,1985,4548.669077
KOR,1986,5114.750657
KOR,1987,5850.17417
KOR,1988,6716.574957
KOR,1989,7399.974332
KOR,1990,8352.635031
KOR,1991,9471.455593
KOR,1992,10181.49026
KOR,1993,11026.86985
KOR,1994,12182.98149
KOR,1995,13497.97535
KOR,1996,14688.99143
KOR,1997,15716.20406
KOR,1998,14969.3935
KOR,1999,16807.01302
KOR,2000,18539.42075
KOR,2001,19713.59554
KOR,2002,21396.71919
KOR,2003,22084.77857
KOR,2004,23763.30783
KOR,2005,25186.6381
KOR,2006,26875.23251
KOR,2007,29050.15963
KOR,2008,29945.89922
KOR,2009,29529.7856
KOR,2010,31748.35357
KOR,2011,32546.51773
KOR,2012,33557.03045
KOR,2013,34244.23949
KOR,2014,35324.2603
KOR,2015,37902.36102
KOR,2016,39575.30208
KOR,2017,41110.57358
KOR,2018,43678.19055
KOR,2019,44011.31492
LUX,1970,5426.883196
LUX,1971,5799.354853
LUX,1972,6371.090963
LUX,1973,7197.858139
LUX,1974,8070.149387
LUX,1975,8148.719948
LUX,1976,8771.078934
LUX,1977,9443.976291
LUX,1978,10502.72625
LUX,1979,11612.02471
LUX,1980,12718.35534
LUX,1981,13807.1968
LUX,1982,14817.97605
LUX,1983,15854.29483
LUX,1984,17428.25955
LUX,1985,18451.10342
LUX,1986,20606.37871
LUX,1987,21808.04288
LUX,1988,24278.50947
LUX,1989,27430.94226
LUX,1990,29634.2424
LUX,1991,32837.54799
LUX,1992,33735.14599
LUX,1993,35478.77283
LUX,1994,37080.57196
LUX,1995,39515.46176
LUX,1996,41271.25208
LUX,1997,42794.86574
LUX,1998,44343.75372
LUX,1999,50526.65319
LUX,2000,55279.77369
LUX,2001,55853.00292
LUX,2002,58709.01536
LUX,2003,59960.02539
LUX,2004,63998.59217
LUX,2005,68140.65238
LUX,2006,77880.52811
LUX,2007,83837.45118
LUX,2008,86591.98546
LUX,2009,82249.99851
LUX,2010,85587.01465
LUX,2011,91814.03661
LUX,2012,91526.72071
LUX,2013,95246.11389
LUX,2014,100933.6045
LUX,2015,103760.128
LUX,2016,110260.9344
LUX,2017,112545.9703
LUX,2018,120156.754
LUX,2019,124268.9646
MEX,1970,1820.637711
MEX,1971,1926.644784
MEX,1972,2109.77516
MEX,1973,2334.585676
MEX,1974,2615.158381
MEX,1975,2925.705457
MEX,1976,3122.778517
MEX,1977,3332.264515
MEX,1978,3752.948371
MEX,1979,4313.705863
MEX,1980,4938.448871
MEX,1981,5745.161026
MEX,1982,5919.322952
MEX,1983,5755.283401
MEX,1984,6043.261958
MEX,1985,6271.721329
MEX,1986,6031.917721
MEX,1987,6169.588533
MEX,1988,6338.113222
MEX,1989,6729.240196
MEX,1990,7193.840273
MEX,1991,7614.179747
MEX,1992,7935.803462
MEX,1993,8277.718218
MEX,1994,8733.591328
MEX,1995,8228.851555
MEX,1996,8817.65893
MEX,1997,9452.916608
MEX,1998,9922.291083
MEX,1999,10216.05314
MEX,2000,10870.40959
MEX,2001,10931.09462
MEX,2002,10999.98034
MEX,2003,11302.73755
MEX,2004,11921.8371
MEX,2005,12539.95753
MEX,2006,13720.68829
MEX,2007,14233.02948
MEX,2008,14885.90244
MEX,2009,14532.38651
MEX,2010,15257.67366
MEX,2011,16546.64141
MEX,2012,17220.06914
MEX,2013,17461.79827
MEX,2014,18178.39742
MEX,2015,18454.80148
MEX,2016,19516.14502
MEX,2017,20012.58331
MEX,2018,20611.5631
MEX,2019,21244.35886
NLD,1969,4086.836185
NLD,1970,4408.714419
NLD,1971,4773.47059
NLD,1972,5052.556812
NLD,1973,5592.389897
NLD,1974,6305.785698
NLD,1975,6839.257365
NLD,1976,7499.073546
NLD,1977,8069.419308
NLD,1978,8785.687909
NLD,1979,9641.269117
NLD,1980,10766.46205
NLD,1981,11611.60212
NLD,1982,12120.72078
NLD,1983,12806.07485
NLD,1984,13622.16297
NLD,1985,14350.87325
NLD,1986,14966.28696
NLD,1987,15529.10347
NLD,1988,16521.95998
NLD,1989,17824.76295
NLD,1990,19135.36622
NLD,1991,20102.24644
NLD,1992,20754.11443
NLD,1993,21361.07281
NLD,1994,22330.33723
NLD,1995,23389.33481
NLD,1996,24456.03613
NLD,1997,26007.39852
NLD,1998,27708.20923
NLD,1999,29268.68549
NLD,2000,31883.70496
NLD,2001,33194.89749
NLD,2002,34447.05337
NLD,2003,34115.0657
NLD,2004,35779.62287
NLD,2005,37625.25244
NLD,2006,40959.18563
NLD,2007,43885.02094
NLD,2008,46419.04259
NLD,2009,44590.78156
NLD,2010,45079.36741
NLD,2011,46599.22766
NLD,2012,47271.96823
NLD,2013,49242.78671
NLD,2014,49233.23035
NLD,2015,50288.35282
NLD,2016,52289.40429
NLD,2017,55265.49378
NLD,2018,59727.05196
NLD,2019,61242.06323
NZL,1970,3920.812722
NZL,1971,4301.523846
NZL,1972,4713.102051
NZL,1973,5076.851355
NZL,1974,5673.880107
NZL,1975,6287.07331
NZL,1976,6537.207304
NZL,1977,6463.871417
NZL,1978,7240.894816
NZL,1979,7658.944698
NZL,1980,8439.892265
NZL,1981,9434.13022
NZL,1982,10434.83929
NZL,1983,11202.35403
NZL,1984,12287.96167
NZL,1985,12633.11386
NZL,1986,13239.40595
NZL,1987,13371.46173
NZL,1988,13848.25785
NZL,1989,14430.09629
NZL,1990,14676.66776
NZL,1991,14522.89682
NZL,1992,14867.76304
NZL,1993,15881.39277
NZL,1994,16976.47405
NZL,1995,17825.31076
NZL,1996,18388.39421
NZL,1997,19082.40727
NZL,1998,19306.48362
NZL,1999,20537.59563
NZL,2000,21471.61778
NZL,2001,22387.14733
NZL,2002,23180.06498
NZL,2003,23856.56537
NZL,2004,24995.64647
NZL,2005,25590.12745
NZL,2006,27682.11612
NZL,2007,29304.02665
NZL,2008,29784.42811
NZL,2009,30587.84323
NZL,2010,31174.15647
NZL,2011,32680.38999
NZL,2012,32924.63188
NZL,2013,36100.25209
NZL,2014,37133.66501
NZL,2015,37338.63626
NZL,2016,39896.6835
NZL,2017,42338.88406
NZL,2018,44463.05265
NZL,2019,45163.30212
NOR,1970,3355.813812
NOR,1971,3701.109536
NOR,1972,4035.899187
NOR,1973,4418.573927
NOR,1974,4974.983514
NOR,1975,5673.663433
NOR,1976,6304.714575
NOR,1977,6945.742677
NOR,1978,7691.51911
NOR,1979,8663.98066
NOR,1980,9846.378
NOR,1981,10912.93183
NOR,1982,11572.09066
NOR,1983,12463.71201
NOR,1984,13655.24123
NOR,1985,14822.84178
NOR,1986,15679.74448
NOR,1987,16271.05688
NOR,1988,16714.17256
NOR,1989,17475.03668
NOR,1990,18418.51508
NOR,1991,19532.04164
NOR,1992,20575.35877
NOR,1993,21531.53707
NOR,1994,22969.89738
NOR,1995,24302.78491
NOR,1996,26761.78533
NOR,1997,28599.7063
NOR,1998,28188.20219
NOR,1999,30554.45254
NOR,2000,36952.28249
NOR,2001,37778.5612
NOR,2002,37981.68638
NOR,2003,38552.70865
NOR,2004,42513.85315
NOR,2005,47800.54063
NOR,2006,54084.2913
NOR,2007,55864.46954
NOR,2008,61719.34366
NOR,2009,55401.83115
NOR,2010,57966.86673
NOR,2011,62077.8458
NOR,2012,65349.21616
NOR,2013,66956.28596
NOR,2014,65895.66761
NOR,2015,60352.71691
NOR,2016,58923.24014
NOR,2017,64254.89262
NOR,2018,71909.29958
NOR,2019,70381.79091
POL,1990,6189.884554
POL,1991,5938.090567
POL,1992,6215.720629
POL,1993,6592.567191
POL,1994,7083.980212
POL,1995,7730.766465
POL,1996,8330.054463
POL,1997,9016.9551
POL,1998,9581.409564
POL,1999,10143.29528
POL,2000,10677.49872
POL,2001,11123.67478
POL,2002,11803.76136
POL,2003,12278.87403
POL,2004,13343.39079
POL,2005,13898.41301
POL,2006,15135.74929
POL,2007,16784.44764
POL,2008,18308.03899
POL,2009,19088.28902
POL,2010,20828.98653
POL,2011,22553.51422
POL,2012,23455.56031
POL,2013,24272.84256
POL,2014,25162.87551
POL,2015,26534.72322
POL,2016,27985.34001
POL,2017,29809.47576
POL,2018,32611.36621
POL,2019,34781.29129
PRT,1970,2073.092005
PRT,1971,2343.050287
PRT,1972,2644.242868
PRT,1973,3100.468844
PRT,1974,3370.852496
PRT,1975,3391.628666
PRT,1976,3718.074974
PRT,1977,4126.241457
PRT,1978,4491.911969
PRT,1979,5084.116911
PRT,1980,5735.441684
PRT,1981,6325.32632
PRT,1982,6817.318657
PRT,1983,7041.525798
PRT,1984,7134.043761
PRT,1985,7549.644385
PRT,1986,8020.609753
PRT,1987,8758.273168
PRT,1988,9771.690896
PRT,1989,10842.52647
PRT,1990,11737.65494
PRT,1991,12700.58243
PRT,1992,13136.82669
PRT,1993,13158.63288
PRT,1994,13536.71648
PRT,1995,14371.63835
PRT,1996,14885.04586
PRT,1997,15783.16665
PRT,1998,16686.37633
PRT,1999,17718.19956
PRT,2000,18884.87391
PRT,2001,19533.38727
PRT,2002,20356.72156
PRT,2003,20829.64228
PRT,2004,21459.95484
PRT,2005,22725.35161
PRT,2006,24649.67677
PRT,2007,25701.78796
PRT,2008,26665.77158
PRT,2009,26478.4918
PRT,2010,27282.76635
PRT,2011,26769.42769
PRT,2012,26438.14047
PRT,2013,27936.0063
PRT,2014,28742.31313
PRT,2015,29660.8459
PRT,2016,31607.61019
PRT,2017,33150.21863
PRT,2018,36034.25418
PRT,2019,37856.22707
SVK,1992,7169.245892
SVK,1993,7453.365819
SVK,1994,8051.806328
SVK,1995,8674.313044
SVK,1996,9383.845546
SVK,1997,10082.27813
SVK,1998,10621.9509
SVK,1999,10714.98961
SVK,2000,11356.25377
SVK,2001,12389.8136
SVK,2002,13307.8781
SVK,2003,14150.80645
SVK,2004,15185.20948
SVK,2005,16595.2616
SVK,2006,18826.14207
SVK,2007,21110.42283
SVK,2008,23608.97752
SVK,2009,22963.90885
SVK,2010,25030.421
SVK,2011,26084.1055
SVK,2012,26973.79122
SVK,2013,28004.52779
SVK,2014,28997.37568
SVK,2015,29927.68144
SVK,2016,29659.33117
SVK,2017,30194.10146
SVK,2018,32557.96124
SVK,2019,33520.99173
ESP,1970,2762.124032
ESP,1971,3009.182348
ESP,1972,3364.792619
ESP,1973,3791.31674
ESP,1974,4322.831589
ESP,1975,4699.641568
ESP,1976,5061.944902
ESP,1977,5463.701431
ESP,1978,5867.257088
ESP,1979,6300.149572
ESP,1980,6945.722607
ESP,1981,7546.39467
ESP,1982,8069.100099
ESP,1983,8493.507242
ESP,1984,8920.47753
ESP,1985,9381.657803
ESP,1986,9851.954833
ESP,1987,10629.35282
ESP,1988,11539.50135
ESP,1989,12546.43679
ESP,1990,13487.76757
ESP,1991,14273.58899
ESP,1992,14700.15514
ESP,1993,14860.72559
ESP,1994,15511.96791
ESP,1995,16250.41288
ESP,1996,16940.42122
ESP,1997,17909.83194
ESP,1998,19100.32823
ESP,1999,19962.79211
ESP,2000,21600.82232
ESP,2001,23006.61147
ESP,2002,24376.32871
ESP,2003,25015.21907
ESP,2004,26160.19483
ESP,2005,27600.93718
ESP,2006,30704.57692
ESP,2007,32423.53222
ESP,2008,33242.24543
ESP,2009,32112.81869
ESP,2010,31716.70974
ESP,2011,31872.36309
ESP,2012,31724.63151
ESP,2013,32452.65968
ESP,2014,33544.35201
ESP,2015,34929.20969
ESP,2016,37313.63491
ESP,2017,39706.57601
ESP,2018,42067.24875
ESP,2019,43470.59026
SWE,1970,4893.815187
SWE,1971,5155.210325
SWE,1972,5484.891968
SWE,1973,6003.935438
SWE,1974,6733.64628
SWE,1975,7516.629861
SWE,1976,7984.968148
SWE,1977,8316.389382
SWE,1978,9030.993
SWE,1979,10132.55501
SWE,1980,11214.00945
SWE,1981,12316.10938
SWE,1982,13232.36193
SWE,1983,14005.26411
SWE,1984,15109.74987
SWE,1985,15899.54517
SWE,1986,16616.47123
SWE,1987,17539.70649
SWE,1988,18539.20129
SWE,1989,19644.74142
SWE,1990,20375.57258
SWE,1991,20683.07054
SWE,1992,20786.30088
SWE,1993,20718.06961
SWE,1994,21836.5445
SWE,1995,23050.46726
SWE,1996,23875.25184
SWE,1997,24797.07553
SWE,1998,25886.71385
SWE,1999,27471.4765
SWE,2000,29631.19215
SWE,2001,29940.41021
SWE,2002,30926.361
SWE,2003,31782.17795
SWE,2004,33830.67198
SWE,2005,34244.35929
SWE,2006,37679.71602
SWE,2007,40855.46515
SWE,2008,42158.46561
SWE,2009,40309.17759
SWE,2010,42256.28007
SWE,2011,44608.6439
SWE,2012,45432.30693
SWE,2013,46312.29369
SWE,2014,47184.7194
SWE,2015,49103.0618
SWE,2016,50430.17456
SWE,2017,52113.82328
SWE,2018,55243.37002
SWE,2019,56701.10903
CHE,1970,7352.590981
CHE,1971,7943.444128
CHE,1972,8474.452977
CHE,1973,9154.590298
CHE,1974,10094.01934
CHE,1975,10315.90773
CHE,1976,10849.81811
CHE,1977,11835.97211
CHE,1978,12687.89085
CHE,1979,14042.38341
CHE,1980,15929.18358
CHE,1981,17594.57318
CHE,1982,18328.45652
CHE,1983,19124.47933
CHE,1984,20337.8378
CHE,1985,21657.97036
CHE,1986,22369.12822
CHE,1987,23123.55968
CHE,1988,24529.21268
CHE,1989,26391.05081
CHE,1990,28079.15226
CHE,1991,28412.49868
CHE,1992,28783.68748
CHE,1993,29235.83423
CHE,1994,30033.03761
CHE,1995,30536.80352
CHE,1996,31199.44059
CHE,1997,32466.2263
CHE,1998,33588.30063
CHE,1999,34476.51327
CHE,2000,36441.96993
CHE,2001,37608.08299
CHE,2002,38519.18523
CHE,2003,38511.97461
CHE,2004,40011.30365
CHE,2005,41467.49732
CHE,2006,46129.81116
CHE,2007,50804.67738
CHE,2008,53784.37338
CHE,2009,53150.62726
CHE,2010,54809.79104
CHE,2011,57987.48686
CHE,2012,59933.61706
CHE,2013,62225.11235
CHE,2014,64103.00976
CHE,2015,66020.20952
CHE,2016,68105.13818
CHE,2017,69324.22951
CHE,2018,73968.51586
CHE,2019,75294.81027
TUR,1970,1769.230486
TUR,1971,1923.667655
TUR,1972,2100.934017
TUR,1973,2236.25429
TUR,1974,2504.519159
TUR,1975,2860.688822
TUR,1976,3257.871169
TUR,1977,3509.235519
TUR,1978,3735.396744
TUR,1979,3933.760334
TUR,1980,4098.941241
TUR,1981,4591.820931
TUR,1982,4924.210185
TUR,1983,5238.967481
TUR,1984,5651.028845
TUR,1985,5927.581499
TUR,1986,6323.234446
TUR,1987,6973.681184
TUR,1988,7248.300816
TUR,1989,7422.801743
TUR,1990,8271.703637
TUR,1991,8486.712419
TUR,1992,9049.250022
TUR,1993,9848.432197
TUR,1994,9360.607017
TUR,1995,10086.59686
TUR,1996,10805.30622
TUR,1997,11646.86197
TUR,1998,8937.018414
TUR,1999,8625.279388
TUR,2000,9478.892226
TUR,2001,9145.527684
TUR,2002,9279.072677
TUR,2003,9587.561223
TUR,2004,10875.23823
TUR,2005,11910.60672
TUR,2006,13623.40288
TUR,2007,14845.03467
TUR,2008,16038.23165
TUR,2009,15453.98284
TUR,2010,17359.96719
TUR,2011,19590.85837
TUR,2012,20627.44073
TUR,2013,22373.13654
TUR,2014,24104.98458
TUR,2015,25855.91268
TUR,2016,26695.90937
TUR,2017,28283.0876
TUR,2018,29155.1851
TUR,2019,28422.87245
GBR,1960,2186.298678
GBR,1961,2248.226997
GBR,1962,2296.179887
GBR,1963,2419.069763
GBR,1964,2563.492244
GBR,1965,2694.142395
GBR,1966,2834.567525
GBR,1967,2976.523362
GBR,1968,3268.199673
GBR,1969,3507.172729
GBR,1970,3615.327765
GBR,1971,3910.915593
GBR,1972,4243.475883
GBR,1973,4757.335779
GBR,1974,5055.437619
GBR,1975,5443.271915
GBR,1976,5911.019173
GBR,1977,6435.573045
GBR,1978,7179.373697
GBR,1979,8057.611187
GBR,1980,8593.241431
GBR,1981,9327.614892
GBR,1982,10113.49092
GBR,1983,10948.45164
GBR,1984,11581.70922
GBR,1985,12411.60256
GBR,1986,13030.48852
GBR,1987,14043.0118
GBR,1988,15341.52096
GBR,1989,16307.77628
GBR,1990,16994.43256
GBR,1991,17314.53089
GBR,1992,17735.06176
GBR,1993,18565.70018
GBR,1994,19641.06697
GBR,1995,20502.8231
GBR,1996,21827.61948
GBR,1997,23022.53872
GBR,1998,23662.05338
GBR,1999,24410.78842
GBR,2000,26423.95116
GBR,2001,27733.44964
GBR,2002,28999.2636
GBR,2003,30238.33867
GBR,2004,31922.7959
GBR,2005,32586.151
GBR,2006,34668.80413
GBR,2007,35507.37347
GBR,2008,36634.61074
GBR,2009,35052.17484
GBR,2010,36468.17257
GBR,2011,37154.16298
GBR,2012,38296.70103
GBR,2013,39945.10453
GBR,2014,41292.49129
GBR,2015,42571.65341
GBR,2016,44125.53499
GBR,2017,45903.89204
GBR,2018,48651.56579
GBR,2019,49912.44555
USA,1970,5233.352349
USA,1971,5608.545346
USA,1972,6093.20516
USA,1973,6725.406839
USA,1974,7224.204995
USA,1975,7801.167695
USA,1976,8590.244216
USA,1977,9450.431025
USA,1978,10562.86018
USA,1979,11671.54141
USA,1980,12547.12681
USA,1981,13943.17589
USA,1982,14399.35319
USA,1983,15508.00784
USA,1984,17080.01472
USA,1985,18192.3264
USA,1986,19027.64632
USA,1987,19993.22608
USA,1988,21367.89616
USA,1989,22804.67446
USA,1990,23835.31923
USA,1991,24289.54759
USA,1992,25378.62464
USA,1993,26350.49293
USA,1994,27660.26836
USA,1995,28657.51272
USA,1996,29932.15777
USA,1997,31424.43893
USA,1998,32817.982
USA,1999,34477.97213
USA,2000,36304.60202
USA,2001,37099.9106
USA,2002,37979.60793
USA,2003,39426.08714
USA,2004,41647.84391
USA,2005,44043.73414
USA,2006,46230.8462
USA,2007,47902.06035
USA,2008,48311.2237
USA,2009,47028.1604
USA,2010,48395.80347
USA,2011,49810.69951
USA,2012,51540.96832
USA,2013,53045.94512
USA,2014,54993.16949
USA,2015,56812.53543
USA,2016,57977.38752
USA,2017,60056.48259
USA,2018,62949.28169
USA,2019,65143.41552
CHL,1986,3378.139636
CHL,1987,3626.540463
CHL,1988,3960.913535
CHL,1989,4475.284843
CHL,1990,4735.818541
CHL,1991,5190.382613
CHL,1992,5854.3742
CHL,1993,6299.643801
CHL,1994,6684.533913
CHL,1995,7422.424725
CHL,1996,8007.106332
CHL,1997,8631.577192
CHL,1998,8984.419434
CHL,1999,8956.789394
CHL,2000,9519.174434
CHL,2001,9937.064619
CHL,2002,10292.91805
CHL,2003,10793.77096
CHL,2004,11757.51176
CHL,2005,12667.85359
CHL,2006,15685.21897
CHL,2007,16872.26879
CHL,2008,16447.33384
CHL,2009,16119.89398
CHL,2010,18129.08799
CHL,2011,20302.78871
CHL,2012,21446.53762
CHL,2013,22352.53073
CHL,2014,22687.93302
CHL,2015,22603.76838
CHL,2016,23349.677
CHL,2017,24479.27726
CHL,2018,25456.70985
CHL,2019,26879.86194
CHN,1970,102.947639
CHN,1971,112.779789
CHN,1972,119.427375
CHN,1973,132.668593
CHN,1974,145.300179
CHN,1975,169.662804
CHN,1976,173.768556
CHN,1977,195.920075
CHN,1978,231.033361
CHN,1979,265.657385
CHN,1980,308.661929
CHN,1981,350.287848
CHN,1982,399.162311
CHN,1983,453.425806
CHN,1984,534.161529
CHN,1985,616.242094
CHN,1986,674.360382
CHN,1987,758.937825
CHN,1988,860.294365
CHN,1989,917.762612
CHN,1990,975.503216
CHN,1991,1087.728205
CHN,1992,1256.147371
CHN,1993,1447.809875
CHN,1994,1652.916985
CHN,1995,1852.781899
CHN,1996,2052.428714
CHN,1997,2257.847343
CHN,1998,2440.003049
CHN,1999,2643.161035
CHN,2000,2909.533494
CHN,2001,3198.891771
CHN,2002,3523.483224
CHN,2003,3925.520688
CHN,2004,4412.919867
CHN,2005,5039.10345
CHN,2006,5821.210961
CHN,2007,6793.052193
CHN,2008,7555.032225
CHN,2009,8287.678054
CHN,2010,9231.648126
CHN,2011,10275.25569
CHN,2012,11169.93553
CHN,2013,11894.48419
CHN,2014,12517.20043
CHN,2015,12946.66674
CHN,2016,13532.91518
CHN,2017,14306.39612
COL,1985,2946.479628
COL,1986,3114.74057
COL,1987,3301.632913
COL,1988,3499.371851
COL,1989,3689.148781
COL,1990,5011.602774
COL,1991,5218.480747
COL,1992,5459.953416
COL,1993,5797.41332
COL,1994,6143.513423
COL,1995,6497.359001
COL,1996,6616.190845
COL,1997,6843.236726
COL,1998,6864.57447
COL,1999,6511.413672
COL,2000,6732.309043
COL,2001,6906.636412
COL,2002,7101.228084
COL,2003,7423.561347
COL,2004,7931.955588
COL,2005,8460.642032
COL,2006,9191.872658
COL,2007,9955.98217
COL,2008,10360.0022
COL,2009,10434.84865
COL,2010,10903.02602
COL,2011,11766.67163
COL,2012,12156.27639
COL,2013,12843.0536
COL,2014,13411.46606
COL,2015,13375.91402
COL,2016,14102.51162
COL,2017,14529.07438
COL,2018,15450.97673
COL,2019,16480.10939
EST,1993,5725.086519
EST,1994,5884.861897
EST,1995,6405.567804
EST,1996,6820.075318
EST,1997,7929.592086
EST,1998,8396.022333
EST,1999,8486.98644
EST,2000,9408.746713
EST,2001,10292.33252
EST,2002,11635.36844
EST,2003,13081.09363
EST,2004,14482.62847
EST,2005,16574.46082
EST,2006,19251.86149
EST,2007,22128.1253
EST,2008,22807.72847
EST,2009,20590.60484
EST,2010,21781.66143
EST,2011,24735.34666
EST,2012,26141.08353
EST,2013,27596.45861
EST,2014,29107.89112
EST,2015,29436.42026
EST,2016,31574.44685
EST,2017,34010.35371
EST,2018,37554.96272
EST,2019,40040.29449
IND,2004,2738.755667
IND,2005,2998.992121
IND,2006,3267.10439
IND,2007,3591.547682
IND,2008,3732.94869
IND,2009,3987.849459
IND,2010,4295.763887
IND,2011,4605.230111
IND,2012,4982.312076
IND,2013,5177.871752
IND,2014,5352.029977
IND,2015,5577.337632
IND,2016,5901.21084
IDN,1993,4772.398486
IDN,1994,5169.582916
IDN,1995,5633.110153
IDN,1996,6099.485612
IDN,1997,6406.73873
IDN,1998,5550.818261
IDN,1999,5597.288298
IDN,2000,5352.28964
IDN,2001,5584.096234
IDN,2002,5838.901329
IDN,2003,6138.338789
IDN,2004,6521.591489
IDN,2005,7001.130255
IDN,2006,7495.84456
IDN,2007,8063.035321
IDN,2008,8583.717617
IDN,2009,8735.401828
IDN,2010,8623.978571
IDN,2011,9213.212405
IDN,2012,9833.689555
IDN,2013,10188.33185
IDN,2014,10398.95973
IDN,2015,10364.39728
IDN,2016,10610.14144
IDN,2017,11050.88237
ISR,1995,19966.21986
ISR,1996,20830.39837
ISR,1997,21463.09778
ISR,1998,22067.09922
ISR,1999,22591.67127
ISR,2000,24939.69394
ISR,2001,24906.77585
ISR,2002,25204.72917
ISR,2003,23800.64879
ISR,2004,25152.86853
ISR,2005,24743.42544
ISR,2006,25580.82549
ISR,2007,27352.81496
ISR,2008,27304.8148
ISR,2009,27504.02242
ISR,2010,28836.15537
ISR,2011,30497.56863
ISR,2012,31706.1862
ISR,2013,34167.03832
ISR,2014,34282.23604
ISR,2015,35487.89444
ISR,2016,37806.42712
ISR,2017,38974.20549
ISR,2018,41463.14428
ISR,2019,42912.02901
RUS,1995,6022.881532
RUS,1996,5920.496933
RUS,1997,6115.87234
RUS,1998,5863.841604
RUS,1999,6345.894176
RUS,2000,7323.44018
RUS,2001,7898.522928
RUS,2002,8623.997299
RUS,2003,9940.232555
RUS,2004,10984.49661
RUS,2005,12698.29923
RUS,2006,16017.12423
RUS,2007,17881.75859
RUS,2008,21657.58906
RUS,2009,20826.59797
RUS,2010,22008.29928
RUS,2011,22798.67392
RUS,2012,24303.49105
RUS,2013,26073.87355
RUS,2014,25761.66151
RUS,2015,24085.31285
RUS,2016,24128.08181
RUS,2017,26005.96756
RUS,2018,29328.01363
RUS,2019,30205.42895
SVN,1995,13602.804
SVN,1996,14264.3218
SVN,1997,15274.61666
SVN,1998,16049.53991
SVN,1999,17077.48506
SVN,2000,18004.79667
SVN,2001,18957.42446
SVN,2002,20236.43207
SVN,2003,21084.85741
SVN,2004,22739.13545
SVN,2005,23848.60242
SVN,2006,25673.49132
SVN,2007,27526.53765
SVN,2008,29594.66584
SVN,2009,27531.13456
SVN,2010,27844.90244
SVN,2011,28931.42364
SVN,2012,29048.326
SVN,2013,29979.61884
SVN,2014,30872.72888
SVN,2015,31631.83838
SVN,2016,33942.76789
SVN,2017,36632.30488
SVN,2018,40181.32806
SVN,2019,42409.4798
ZAF,1985,5770.555137
ZAF,1986,5753.699261
ZAF,1987,5884.63713
ZAF,1988,6207.398562
ZAF,1989,6460.748356
ZAF,1990,6537.133534
ZAF,1991,6545.666776
ZAF,1992,6411.898523
ZAF,1993,6504.259602
ZAF,1994,6712.740265
ZAF,1995,6921.633389
ZAF,1996,7205.886453
ZAF,1997,7375.302769
ZAF,1998,7356.509138
ZAF,1999,7507.305111
ZAF,2000,7865.304698
ZAF,2001,8123.724947
ZAF,2002,8352.399734
ZAF,2003,8656.655166
ZAF,2004,9183.875946
ZAF,2005,9847.957943
ZAF,2006,10580.51239
ZAF,2007,11300.4971
ZAF,2008,11732.02977
ZAF,2009,11483.44306
ZAF,2010,11806.05591
ZAF,2011,12227.24169
ZAF,2012,12174.4582
ZAF,2013,12587.6174
ZAF,2014,12667.86814
ZAF,2015,12698.12439
ZAF,2016,12724.64328
ZAF,2017,12810.96554
DEW,1970,4562.672226
DEW,1971,4892.259126
DEW,1972,5291.97128
DEW,1973,5817.915555
DEW,1974,6389.028716
DEW,1975,6945.497442
DEW,1976,7726.674065
DEW,1977,8498.827583
DEW,1978,9380.302036
DEW,1979,10570.38782
DEW,1980,11646.91142
DEW,1981,12777.36095
DEW,1982,13526.33154
DEW,1983,14331.25622
DEW,1984,15320.73746
DEW,1985,16218.80661
DEW,1986,16912.75262
DEW,1987,17584.46441
DEW,1988,18760.25042
DEW,1989,20049.14509
DEW,1990,21471.47805
DEW,1991,23020.52001
EU28,1995,18083.24208
EU28,1996,18767.10094
EU28,1997,19581.12925
EU28,1998,20460.84821
EU28,1999,21243.92223
EU28,2000,22657.6647
EU28,2001,23771.8226
EU28,2002,24824.10173
EU28,2003,25407.2269
EU28,2004,26637.52506
EU28,2005,27571.44655
EU28,2006,29829.01938
EU28,2007,31608.42696
EU28,2008,33058.66245
EU28,2009,32269.33634
EU28,2010,33364.1577
EU28,2011,34740.43732
EU28,2012,35282.91342
EU28,2013,36530.05927
EU28,2014,37595.62637
EU28,2015,38758.92573
EU28,2016,41013.1295
EU28,2017,43175.228
EU28,2018,46339.1903
EU28,2019,48060.1101
OECD,1970,3498.642916
OECD,1971,3767.928766
OECD,1972,4099.760925
OECD,1973,4538.823665
OECD,1974,4949.307737
OECD,1975,5375.613903
OECD,1976,5893.4113
OECD,1977,6428.279128
OECD,1978,7121.963967
OECD,1979,7937.666255
OECD,1980,8679.456933
OECD,1981,9631.163071
OECD,1982,10152.18298
OECD,1983,10776.55237
OECD,1984,11607.36211
OECD,1985,12326.55732
OECD,1986,12850.91062
OECD,1987,13555.39344
OECD,1988,14558.60115
OECD,1989,15569.20935
OECD,1990,16498.25379
OECD,1991,17152.88397
OECD,1992,17786.34323
OECD,1993,18316.95791
OECD,1994,19130.26305
OECD,1995,19882.47932
OECD,1996,20759.77103
OECD,1997,21732.72521
OECD,1998,22329.38451
OECD,1999,23211.17031
OECD,2000,24643.10928
OECD,2001,25417.76443
OECD,2002,26217.74896
OECD,2003,26990.14502
OECD,2004,28430.01933
OECD,2005,29790.68087
OECD,2006,31770.83756
OECD,2007,33307.02601
OECD,2008,34161.3174
OECD,2009,33250.60874
OECD,2010,34537.9801
OECD,2011,35897.10133
OECD,2012,36857.48175
OECD,2013,38197.42191
OECD,2014,39340.07554
OECD,2015,40491.98684
OECD,2016,41902.81449
OECD,2017,43604.6232
OECD,2018,46053.37747
OECD,2019,47341.90899
OECDE,1995,18205.89179
OECDE,1996,18932.88395
OECDE,1997,19822.87015
OECDE,1998,20301.77153
OECDE,1999,21002.61692
OECDE,2000,22435.5485
OECDE,2001,23376.62344
OECDE,2002,24279.76233
OECDE,2003,24802.5839
OECDE,2004,26045.33293
OECDE,2005,27023.28957
OECDE,2006,29286.34324
OECDE,2007,30994.82515
OECDE,2008,32379.24865
OECDE,2009,31510.51714
OECDE,2010,32740.34786
OECDE,2011,34275.02623
OECDE,2012,34895.12404
OECDE,2013,36239.74476
OECDE,2014,37383.08162
OECDE,2015,38568.3621
OECDE,2016,40561.62267
OECDE,2017,42615.99331
OECDE,2018,45515.71967
OECDE,2019,46773.05873
LVA,1995,5501.044385
LVA,1996,5788.702939
LVA,1997,6478.937214
LVA,1998,7060.89374
LVA,1999,7397.56063
LVA,2000,8033.096672
LVA,2001,9034.533398
LVA,2002,10067.8017
LVA,2003,11027.77789
LVA,2004,12240.33596
LVA,2005,13877.97781
LVA,2006,15797.28594
LVA,2007,18179.66623
LVA,2008,19516.02011
LVA,2009,16973.3696
LVA,2010,17658.75357
LVA,2011,19887.74914
LVA,2012,21414.57035
LVA,2013,22811.03083
LVA,2014,23798.23355
LVA,2015,24964.04813
LVA,2016,26712.83524
LVA,2017,28757.54011
LVA,2018,31786.67088
LVA,2019,33013.9335
BRA,2000,9114.213859
BRA,2001,9312.659939
BRA,2002,9623.717789
BRA,2003,9793.070465
BRA,2004,10510.54405
BRA,2005,11056.43775
BRA,2006,11711.26379
BRA,2007,12622.43575
BRA,2008,13383.86008
BRA,2009,13331.38649
BRA,2010,14359.93355
BRA,2011,15109.7374
BRA,2012,15120.06365
BRA,2013,15669.14014
BRA,2014,15800.08889
BRA,2015,14816.2906
BRA,2016,14321.2508
BRA,2017,14592.10198
LTU,1995,5916.118581
LTU,1996,6369.880929
LTU,1997,7066.972228
LTU,1998,7762.291081
LTU,1999,7820.79589
LTU,2000,8449.658261
LTU,2001,9440.144031
LTU,2002,10480.71939
LTU,2003,12055.23665
LTU,2004,13019.57767
LTU,2005,14510.65368
LTU,2006,16461.78856
LTU,2007,19071.44724
LTU,2008,20721.03386
LTU,2009,18130.0478
LTU,2010,20112.10313
LTU,2011,22884.80436
LTU,2012,24703.69794
LTU,2013,26721.60193
LTU,2014,28184.49909
LTU,2015,28834.45757
LTU,2016,30925.15181
LTU,2017,33869.71525
LTU,2018,37493.45215
LTU,2019,39911.87153
SAU,1970,9292.054214
SAU,1971,11202.23043
SAU,1972,13770.94704
SAU,1973,17376.49765
SAU,1974,22966.37012
SAU,1975,25092.50259
SAU,1976,28352.4162
SAU,1977,30606.4577
SAU,1978,30764.75253
SAU,1979,34598.60906
SAU,1980,37868.99711
SAU,1981,40775.91515
SAU,1982,36116.19436
SAU,1983,32351.15392
SAU,1984,30606.91579
SAU,1985,28596.6524
SAU,1986,29154.61357
SAU,1987,27388.53528
SAU,1988,29411.78697
SAU,1989,29417.86084
SAU,1990,31904.87132
SAU,1991,36717.30372
SAU,1992,37903.27627
SAU,1993,37241.59095
SAU,1994,37306.57202
SAU,1995,37304.28661
SAU,1996,38182.73407
SAU,1997,38516.91867
SAU,1998,39317.7242
SAU,1999,37605.24432
SAU,2000,39689.64943
SAU,2001,39054.82033
SAU,2002,37493.38235
SAU,2003,41258.54004
SAU,2004,44417.05744
SAU,2005,46984.60444
SAU,2006,48394.51729
SAU,2007,49261.05033
SAU,2008,51942.26361
SAU,2009,49874.78107
SAU,2010,51521.91819
SAU,2011,56191.9355
SAU,2012,57500.17953
SAU,2013,56109.11251
SAU,2014,55979.37206
SAU,2015,48858.41933
SAU,2016,45720.84934
EA19,1995,20437.11954
EA19,1996,21069.44639
EA19,1997,21958.01907
EA19,1998,23017.21328
EA19,1999,23908.09338
EA19,2000,25400.93866
EA19,2001,26597.61815
EA19,2002,27626.57991
EA19,2003,28048.9306
EA19,2004,29159.22758
EA19,2005,30179.70947
EA19,2006,32606.33966
EA19,2007,34493.9539
EA19,2008,35828.01288
EA19,2009,34930.64572
EA19,2010,35923.2781
EA19,2011,37379.58565
EA19,2012,37735.29213
EA19,2013,38969.47374
EA19,2014,39985.27314
EA19,2015,41070.90594
EA19,2016,43562.86578
EA19,2017,45767.15475
EA19,2018,49046.27024
EA19,2019,50676.44831
ARG,2004,12299.7288
ARG,2005,13674.5727
ARG,2006,15074.06986
ARG,2007,16708.23283
ARG,2008,17550.39145
ARG,2009,16476.69848
ARG,2010,18061.93436
ARG,2011,19322.22713
ARG,2012,19641.35286
ARG,2013,20131.68042
ARG,2014,19683.7715
ARG,2015,20105.19899
ARG,2016,20307.87005
ARG,2017,23562.91884
ARG,2018,23414.92423
ARG,2019,23258.4745
CRI,1991,5560.998503
CRI,1992,6075.02157
CRI,1993,6515.81525
CRI,1994,6755.165449
CRI,1995,6978.075386
CRI,1996,7015.61813
CRI,1997,7341.788256
CRI,1998,7753.307145
CRI,1999,7981.657199
CRI,2000,8291.67661
CRI,2001,8584.72353
CRI,2002,8850.004163
CRI,2003,9263.365554
CRI,2004,9767.847593
CRI,2005,10296.72627
CRI,2006,11198.8188
CRI,2007,12267.94272
CRI,2008,12903.34952
CRI,2009,12681.51714
CRI,2010,13237.90538
CRI,2011,13964.55171
CRI,2012,14678.37207
CRI,2013,15241.33455
CRI,2014,16227.14274
CRI,2015,17203.36187
CRI,2016,18651.86436
CRI,2017,19769.73812
CRI,2018,20368.53304
CRI,2019,21695.00248
BGR,1995,7724.21041
BGR,1996,6831.981312
BGR,1997,5748.433654
BGR,1998,6177.416986
BGR,1999,5807.80885
BGR,2000,6424.7764
BGR,2001,7046.333183
BGR,2002,7755.008188
BGR,2003,8356.502857
BGR,2004,9117.826459
BGR,2005,10183.8157
BGR,2006,11247.80571
BGR,2007,12604.72879
BGR,2008,14089.64268
BGR,2009,13928.36715
BGR,2010,14605.31942
BGR,2011,15667.29474
BGR,2012,16247.41319
BGR,2013,16588.97537
BGR,2014,17561.41757
BGR,2015,18343.14163
BGR,2016,20019.63863
BGR,2017,21455.57352
BGR,2018,23634.16792
BGR,2019,25312.30127
HRV,1995,7995.711803
HRV,1996,8724.593116
HRV,1997,9467.218837
HRV,1998,9821.563171
HRV,1999,9867.597613
HRV,2000,11007.6896
HRV,2001,11535.38096
HRV,2002,12637.21653
HRV,2003,13542.97381
HRV,2004,14520.74263
HRV,2005,15295.12414
HRV,2006,17413.44298
HRV,2007,19307.4334
HRV,2008,20763.13829
HRV,2009,20004.3447
HRV,2010,19810.2656
HRV,2011,20793.20722
HRV,2012,21161.27599
HRV,2013,21826.80817
HRV,2014,22072.90031
HRV,2015,22981.12897
HRV,2016,24887.75328
HRV,2017,26851.04729
HRV,2018,29433.68365
HRV,2019,31133.09602
CYP,1995,17055.09875
CYP,1996,17277.53987
CYP,1997,17774.79288
CYP,1998,18757.71102
CYP,1999,19662.19172
CYP,2000,21298.59173
CYP,2001,22873.32676
CYP,2002,23556.89901
CYP,2003,24254.77707
CYP,2004,25923.08031
CYP,2005,27763.12126
CYP,2006,29975.11073
CYP,2007,32841.8356
CYP,2008,34830.1703
CYP,2009,33909.80434
CYP,2010,33449.01196
CYP,2011,33313.37916
CYP,2012,31834.58809
CYP,2013,30375.24135
CYP,2014,30042.94438
CYP,2015,31713.69099
CYP,2016,35612.61158
CYP,2017,38020.25675
CYP,2018,41180.05236
CYP,2019,42168.31605
MLT,1995,13857.40746
MLT,1996,14558.23777
MLT,1997,15415.38893
MLT,1998,16079.15092
MLT,1999,16827.93431
MLT,2000,18296.66868
MLT,2001,18416.43646
MLT,2002,19586.42659
MLT,2003,20783.78723
MLT,2004,21343.54312
MLT,2005,22265.71908
MLT,2006,23220.30262
MLT,2007,24886.24939
MLT,2008,26193.19897
MLT,2009,26155.20177
MLT,2010,27834.98334
MLT,2011,28616.69967
MLT,2012,29446.64155
MLT,2013,31097.88141
MLT,2014,33436.71878
MLT,2015,36157.15254
MLT,2016,39033.24036
MLT,2017,41341.00469
MLT,2018,45157.14013
MLT,2019,47312.04818
PER,2007,7984.661964
PER,2008,8782.617152
PER,2009,8846.744897
PER,2010,9586.999943
PER,2011,10289.26122
PER,2012,10545.51065
PER,2013,11039.69821
PER,2014,11254.0655
ROU,1995,5416.727537
ROU,1996,5734.261824
ROU,1997,5564.149722
ROU,1998,5545.213836
ROU,1999,5599.963762
ROU,2000,5852.670844
ROU,2001,6441.072192
ROU,2002,7180.419966
ROU,2003,7552.149645
ROU,2004,8982.767074
ROU,2005,9602.121442
ROU,2006,11541.1774
ROU,2007,13683.47527
ROU,2008,16782.18263
ROU,2009,16644.09991
ROU,2010,16989.27985
ROU,2011,17896.08099
ROU,2012,18867.51323
ROU,2013,19777.02295
ROU,2014,20649.98226
ROU,2015,21598.5583
ROU,2016,24266.28396
ROU,2017,27222.72422
ROU,2018,30167.4867
ROU,2019,33316.1037
MKD,2000,6154.513794
MKD,2001,6052.56115
MKD,2002,6395.178631
MKD,2003,6588.662047
MKD,2004,7166.036894
MKD,2005,7848.897341
MKD,2006,8678.569401
MKD,2007,9339.59213
MKD,2008,10521.88172
MKD,2009,11018.08169
MKD,2010,11369.68999
MKD,2011,11689.8609
MKD,2012,11915.7024
MKD,2013,12727.35049
MKD,2014,13434.84694
MKD,2015,13888.21874
MKD,2016,15137.9674
ZMB,2006,2326.776923
ZMB,2007,2519.070713
ZMB,2008,2692.184321
ZMB,2009,2880.698122
ZMB,2010,3122.942832
ZMB,2011,3267.690265
ZMB,2012,3374.678078
ZMB,2013,3530.244811
ZMB,2014,3489.396586
ZMB,2015,3383.75171
ZMB,2016,3359.029672
ZMB,2017,3414.412499
HKG,1990,18271.86047
HKG,1991,19800.23387
HKG,1992,21332.39645
HKG,1993,22798.97704
HKG,1994,24143.13121
HKG,1995,24738.49621
HKG,1996,25121.62029
HKG,1997,26638.65924
HKG,1998,25140.67053
HKG,1999,25897.57016
HKG,2000,28253.2037
HKG,2001,28822.9229
HKG,2002,29631.47775
HKG,2003,31164.29186
HKG,2004,34515.85486
HKG,2005,38057.86525
HKG,2006,41697.71881
HKG,2007,45197.00174
HKG,2008,46772.5574
HKG,2009,45871.2984
HKG,2010,49186.62197
HKG,2011,52274.50957
HKG,2012,52235.72017
HKG,2013,53691.97105
HKG,2014,54778.38251
HKG,2015,56409.64279
HKG,2016,57221.96915
HKG,2017,59846.81923
HKG,2018,62556.2405
MDG,2007,1571.562292
MDG,2008,1666.984633
MDG,2009,1566.810322
MDG,2010,1551.109609
MDG,2011,1565.877486
MDG,2012,1552.77558
MDG,2013,1556.147235
MDG,2014,1573.788648
MDG,2015,1562.305391
MDG,2016,1624.383829
MDG,2017,1601.521574
MDG,2018,1655.481656
MAR,2007,5657.274524
MAR,2008,6042.899269
MAR,2009,6279.693123
MAR,2010,6525.49337
MAR,2011,6938.287763
MAR,2012,6923.247392
MAR,2013,7143.701966
MAR,2014,6900.513126
MAR,2015,7249.966832
MAR,2016,7312.810289
MAR,2017,7581.215412
MAR,2018,7928.326114
SGP,1990,23853.36859
SGP,1991,25570.90078
SGP,1992,27061.47486
SGP,1993,30113.89106
SGP,1994,33110.83404
SGP,1995,35159.63352
SGP,1996,36937.58865
SGP,1997,39360.42293
SGP,1998,37630.9715
SGP,1999,40033.16727
SGP,2000,43863.19343
SGP,2001,43167.22316
SGP,2002,45151.97367
SGP,2003,48789.20612
SGP,2004,54335.93791
SGP,2005,58755.70266
SGP,2006,63960.87209
SGP,2007,68671.21211
SGP,2008,67630.45745
SGP,2009,66190.39688
SGP,2010,75343.9493
SGP,2011,80047.57357
SGP,2012,82072.27916
SGP,2013,83005.68969
SGP,2014,84408.21652
SGP,2015,86972.56307
SGP,2016,89396.72444
SGP,2017,94945.25089
SGP,2018,101280.4135
